11100,05-06-2025,04-04-2025,23-03-2025,22-02-2025,29-01-2025,03-01-2025,29-11-2025,
11213,05-06-2025,04-04-2025,23-03-2025,22-02-2025,29-01-2025
11311,05-06-2025,04-04-2025,23-03-2025,22-02-2025,29-01-2025
11122,05-06-2025,04-04-2025,23-03-2025,22-02-2025,29-01-2025
12233,05-06-2025,04-04-2025,23-03-2025,22-02-2025,29-01-2025
85133,05-06-2025,04-04-2025,23-03-2025,22-02-2025,29-01-2025
50858,05-06-2025,04-04-2025,23-03-2025,22-02-2025,
90933,05-06-2025,04-04-2025,23-03-2025,22-02-2025,
62171,05-06-2025,04-04-2025,23-03-2025
77054,05-06-2025,04-04-2025,23-03-2025
22550,05-06-2025,04-04-2025
49946,05-06-2025,04-04-2025
33550,05-06-2025,04-04-2025
79569,05-06-2025,04-04-2025
33032,05-06-2025,
72678,05-06-2025,
11587,
56831,
